Name,Math,Science,English,Total,Average
Aarav,78,85,72,235,78.33333333333333
Ishita,92,88,95,275,91.66666666666667
Kabir,65,70,60,195,65.0
Diksha,89,91,87,267,89.0
Riya,75,80,70,225,75.0
Rishika,90,91,96,277,92.33333333333333
Kavy,92,86,82,260,86.66666666666667
Manish,89,93,85,267,89.0
